id;action;company_uuid;create_time;request;is_success;remark
1;Technician;Lodge;2020-02-27;override GB;82143;gold
2;microchip Soft monetize;Cotton deposit;2020-02-27;parallelism navigate;93995;Cheese Grass-roots Lebanon
3;Kina;Alley implementation;2020-02-27;Beauty JSON Bacon;66807;invoice channels
4;TCP Cross-platform;hard drive Auto Loan Account;2020-02-27;RAM Practical Handcrafted;13075;Wisconsin
5;Developer quantify iterate;modular National Checking Account;2020-02-28;drive Grocery Ball;59616;Steel Soap next generation
6;Knolls;Security Directives Jewelery;2020-02-27;Generic Wooden Bacon back up;46126;Chilean Peso Unidades de fomento
7;Fantastic cross-platform;Jewelery Forward 6th generation;2020-02-27;Books one-to-one Corporate;58237;Quality-focused
8;Down-sized;Managed Burgs users;2020-02-28;Intranet copying Chair;21620;Intelligent
9;Granite;salmon;2020-02-27;Consultant Nebraska;43534;visionary
10;Chile bus navigating;Won port Fiji Dollar;2020-02-27;Bahamian Dollar XSS Music;68588;feed
